{
    "accuracy": 0.6905,
    "precision": 0.5864811133200796,
    "recall": 0.4178470254957507,
    "f1": 0.4880066170388751
}